Water_mL,Trial,Biomass_g
10,Trial 1,5.55
10,Trial 2,10.16
10,Trial 3,8.41
10,Trial 4,7.34
10,Trial 5,3.8
20,Trial 1,15.08
20,Trial 2,14.3
20,Trial 3,20.76
20,Trial 4,18.64
20,Trial 5,19.5
30,Trial 1,22.88
30,Trial 2,30.47
30,Trial 3,29.37
30,Trial 4,24.41
30,Trial 5,24.17
40,Trial 1,30.66
40,Trial 2,31.63
40,Trial 3,33.39
40,Trial 4,32.65
40,Trial 5,31.52
50,Trial 1,38.17
50,Trial 2,34.39
50,Trial 3,35.61
50,Trial 4,36.2
50,Trial 5,36.92
60,Trial 1,41.23
60,Trial 2,36.55
60,Trial 3,39.07
60,Trial 4,39.69
60,Trial 5,35.32
70,Trial 1,39.09
70,Trial 2,35.6
70,Trial 3,34.75
70,Trial 4,41.82
70,Trial 5,41.96
80,Trial 1,37.58
80,Trial 2,33.55
80,Trial 3,31.89
80,Trial 4,36.59
80,Trial 5,34.63
90,Trial 1,26.57
90,Trial 2,29.55
90,Trial 3,25.87
90,Trial 4,32.87
90,Trial 5,27.66
100,Trial 1,22.97
100,Trial 2,20.17
100,Trial 3,21.83
100,Trial 4,22.05
100,Trial 5,19.15
